{
  "name": "inputmask",
  "version": "5.0.5",
  "main": [
    "./index.js",
    "./css/inputmask.css"
  ],
  "keywords": [
    "jquery",
    "plugins",
    "input",
    "form",
    "inputmask",
    "mask"
  ],
  "description": "Inputmask is a javascript library which creates an input mask.  Inputmask can run against vanilla javascript, jQuery and jqlite.",
  "license": "http://opensource.org/licenses/mit-license.php",
  "ignore": [
    "**/*",
    "!index.js",
    "!bundle.js",
    "!bundle.jquery.js",
    "!css/**/*",
    "!dist/**/*",
    "!lib/**/*"
  ],
  "dependencies": {
    "jquery": ">=1.7"
  },
  "authors": [
    {
      "name": "Robin Herbots"
    }
  ],
  "homepage": "http://robinherbots.github.io/Inputmask",
  "_release": "5.0.5",
  "_resolution": {
    "type": "version",
    "tag": "5.0.5",
    "commit": "586cfc1c0a71c00db1cfc52799cc41fdcc707791"
  },
  "_source": "https://github.com/RobinHerbots/Inputmask.git",
  "_target": "^5.0.5",
  "_originalSource": "inputmask",
  "_direct": true
}